path,owner_issues,state
locales/en/commands/auto/autoreact.json,#42,source-reconciled
locales/en/commands/auto/autoresponder.json,#42,source-reconciled
locales/en/commands/auto/autorole.json,#42,source-reconciled
locales/en/commands/auto/badge.json,#42,source-reconciled
locales/en/commands/auto/pingonjoin/disable.json,#42,source-reconciled
locales/en/commands/auto/pingonjoin/enable.json,#42,source-reconciled
locales/en/commands/auto/pingonjoin/index.json,#42,source-reconciled
locales/en/commands/auto/pingonjoin/info.json,#42,source-reconciled
locales/en/commands/auto/pingonjoin/message.json,#42,source-reconciled
locales/en/commands/auto/react/add.json,#42,source-reconciled
locales/en/commands/auto/react/channels/add.json,#42,source-reconciled
locales/en/commands/auto/react/channels/list.json,#42,source-reconciled
locales/en/commands/auto/react/channels/remove.json,#42,source-reconciled
locales/en/commands/auto/react/clear.json,#42,source-reconciled
locales/en/commands/auto/react/index.json,#42,source-reconciled
locales/en/commands/auto/react/list.json,#42,source-reconciled
locales/en/commands/auto/react/remove.json,#42,source-reconciled
locales/en/commands/auto/react/roles/add.json,#42,source-reconciled
locales/en/commands/auto/react/roles/list.json,#42,source-reconciled
locales/en/commands/auto/react/roles/remove.json,#42,source-reconciled
locales/en/commands/auto/responder/add.json,#42,source-reconciled
locales/en/commands/auto/responder/channels/add.json,#42,source-reconciled
locales/en/commands/auto/responder/channels/list.json,#42,source-reconciled
locales/en/commands/auto/responder/channels/remove.json,#42,source-reconciled
locales/en/commands/auto/responder/clear.json,#42,source-reconciled
locales/en/commands/auto/responder/index.json,#42,source-reconciled
locales/en/commands/auto/responder/list.json,#42,source-reconciled
locales/en/commands/auto/responder/remove.json,#42,source-reconciled
locales/en/commands/auto/responder/reset.json,#42,source-reconciled
locales/en/commands/auto/responder/role.json,#42,source-reconciled
locales/en/commands/auto/responder/roles/add.json,#42,source-reconciled
locales/en/commands/auto/responder/roles/add_list.json,#42,source-reconciled
locales/en/commands/auto/responder/roles/list.json,#42,source-reconciled
locales/en/commands/auto/responder/roles/remove.json,#42,source-reconciled
locales/en/commands/auto/responder/roles/remove_list.json,#42,source-reconciled
locales/en/commands/auto/responder/update.json,#42,source-reconciled
locales/en/commands/auto/role/add.json,#42,source-reconciled
locales/en/commands/auto/role/clear.json,#42,source-reconciled
locales/en/commands/auto/role/index.json,#42,source-reconciled
locales/en/commands/auto/role/list.json,#42,source-reconciled
locales/en/commands/auto/role/remove.json,#42,source-reconciled
locales/en/commands/auto/tracking.json,#42,source-reconciled
locales/en/commands/auto/tracking/add.json,#42,source-reconciled
locales/en/commands/auto/tracking/index.json,#42,source-reconciled
locales/en/commands/auto/tracking/list.json,#42,source-reconciled
locales/en/commands/auto/tracking/lookup.json,#42,source-reconciled
locales/en/commands/auto/tracking/notify/add.json,#42,source-reconciled
locales/en/commands/auto/tracking/notify/list.json,#42,source-reconciled
locales/en/commands/auto/tracking/notify/remove.json,#42,source-reconciled
locales/en/commands/auto/tracking/remove.json,#42,source-reconciled
locales/en/commands/auto/tracking/username/channel.json,#42,source-reconciled
locales/en/commands/auto/tracking/username/unset.json,#42,source-reconciled
locales/en/commands/auto/tracking/vanity/set.json,#42,source-reconciled
locales/en/commands/auto/tracking/vanity/unset.json,#42,source-reconciled
locales/en/commands/auto/vanity.json,#42,source-reconciled
locales/en/commands/boosters/index.json,#43,source-reconciled
locales/en/commands/boosters/list.json,#43,source-reconciled
locales/en/commands/boosters/lost.json,#43,source-reconciled
locales/en/commands/developer/cmds.json,#64,evidence-gap
locales/en/commands/developer/eval.json,#64,evidence-gap
locales/en/commands/developer/globalEconomy.json,#64,evidence-gap
locales/en/commands/developer/sudo.json,#64,evidence-gap
locales/en/commands/economy/bal.json,#48;#49,source-reconciled
locales/en/commands/economy/balance.json,#48;#49,source-reconciled
locales/en/commands/economy/blackjack.json,#48;#49,source-reconciled
locales/en/commands/economy/bombs.json,#48;#49,source-reconciled
locales/en/commands/economy/circulation.json,#48;#49,source-reconciled
locales/en/commands/economy/coinflip.json,#48;#49,source-reconciled
locales/en/commands/economy/config.json,#48;#49,source-reconciled
locales/en/commands/economy/crash.json,#48;#49,source-reconciled
locales/en/commands/economy/crime.json,#48;#49,source-reconciled
locales/en/commands/economy/daily.json,#48;#49,source-reconciled
locales/en/commands/economy/destroy.json,#48;#49,source-reconciled
locales/en/commands/economy/dice.json,#48;#49,source-reconciled
locales/en/commands/economy/disable.json,#48;#49,source-reconciled
locales/en/commands/economy/enable.json,#48;#49,source-reconciled
locales/en/commands/economy/gamble.json,#48;#49,source-reconciled
locales/en/commands/economy/gang/create.json,#48;#49,source-reconciled
locales/en/commands/economy/gang/disband.json,#48;#49,source-reconciled
locales/en/commands/economy/gang/index.json,#48;#49,source-reconciled
locales/en/commands/economy/gang/info.json,#48;#49,source-reconciled
locales/en/commands/economy/gang/invite.json,#48;#49,source-reconciled
locales/en/commands/economy/gang/leave.json,#48;#49,source-reconciled
locales/en/commands/economy/gang/promote.json,#48;#49,source-reconciled
locales/en/commands/economy/gang/setbanner.json,#48;#49,source-reconciled
locales/en/commands/economy/gang/transfer.json,#48;#49,source-reconciled
locales/en/commands/economy/highlow.json,#48;#49,source-reconciled
locales/en/commands/economy/index.json,#48;#49,source-reconciled
locales/en/commands/economy/job.json,#48;#49,source-reconciled
locales/en/commands/economy/jobAdd.json,#48;#49,source-reconciled
locales/en/commands/economy/jobRemove.json,#48;#49,source-reconciled
locales/en/commands/economy/lab/ampoules.json,#48;#49,source-reconciled
locales/en/commands/economy/lab/buy.json,#48;#49,source-reconciled
locales/en/commands/economy/lab/collect.json,#48;#49,source-reconciled
locales/en/commands/economy/lab/index.json,#48;#49,source-reconciled
locales/en/commands/economy/lab/status.json,#48;#49,source-reconciled
locales/en/commands/economy/lab/upgrade.json,#48;#49,source-reconciled
locales/en/commands/economy/ladder.json,#48;#49,source-reconciled
locales/en/commands/economy/leaderboard.json,#48;#49,source-reconciled
locales/en/commands/economy/mode.json,#48;#49,source-reconciled
locales/en/commands/economy/plinko.json,#48;#49,source-reconciled
locales/en/commands/economy/preset.json,#48;#49,source-reconciled
locales/en/commands/economy/reset.json,#48;#49,source-reconciled
locales/en/commands/economy/rob.json,#48;#49,source-reconciled
locales/en/commands/economy/roulette.json,#48;#49,source-reconciled
locales/en/commands/economy/scratch.json,#48;#49,source-reconciled
locales/en/commands/economy/shop.json,#48;#49,source-reconciled
locales/en/commands/economy/shopAdd.json,#48;#49,source-reconciled
locales/en/commands/economy/shopRemove.json,#48;#49,source-reconciled
locales/en/commands/economy/slots.json,#48;#49,source-reconciled
locales/en/commands/economy/transfer.json,#48;#49,source-reconciled
locales/en/commands/economy/work.json,#48;#49,source-reconciled
locales/en/commands/fun/8ball.json,#35;#52;#53;#54;#56,source-reconciled
locales/en/commands/fun/alert.json,#35;#52;#53;#54;#56,source-reconciled
locales/en/commands/fun/animate.json,#35;#52;#53;#54;#56,source-reconciled
locales/en/commands/fun/bitches.json,#35;#52;#53;#54;#56,source-reconciled
locales/en/commands/fun/blacktea.json,#35;#52;#53;#54;#56,source-reconciled
locales/en/commands/fun/blacktea/end.json,#35;#52;#53;#54;#56,source-reconciled
locales/en/commands/fun/blacktea/index.json,#35;#52;#53;#54;#56,source-reconciled
locales/en/commands/fun/calling.json,#35;#52;#53;#54;#56,source-reconciled
locales/en/commands/fun/captcha.json,#35;#52;#53;#54;#56,source-reconciled
locales/en/commands/fun/choose.json,#35;#52;#53;#54;#56,source-reconciled
locales/en/commands/fun/clearsnipe.json,#35;#52;#53;#54;#56,source-reconciled
locales/en/commands/fun/compress.json,#35;#52;#53;#54;#56,source-reconciled
locales/en/commands/fun/diary.json,#35;#52;#53;#54;#56,source-reconciled
locales/en/commands/fun/didyoumean.json,#35;#52;#53;#54;#56,source-reconciled
locales/en/commands/fun/distort.json,#35;#52;#53;#54;#56,source-reconciled
locales/en/commands/fun/dominant.json,#35;#52;#53;#54;#56,source-reconciled
locales/en/commands/fun/drake.json,#35;#52;#53;#54;#56,source-reconciled
locales/en/commands/fun/drip.json,#35;#52;#53;#54;#56,source-reconciled
locales/en/commands/fun/editsnipe.json,#35;#52;#53;#54;#56,source-reconciled
locales/en/commands/fun/eightball.json,#35;#52;#53;#54;#56,source-reconciled
locales/en/commands/fun/facts.json,#35;#52;#53;#54;#56,source-reconciled
locales/en/commands/fun/flag.json,#35;#52;#53;#54;#56,source-reconciled
locales/en/commands/fun/flags.json,#35;#52;#53;#54;#56,source-reconciled
locales/en/commands/fun/flags/end.json,#35;#52;#53;#54;#56,source-reconciled
locales/en/commands/fun/flags/index.json,#35;#52;#53;#54;#56,source-reconciled
locales/en/commands/fun/games.json,#35;#52;#53;#54;#56,source-reconciled
locales/en/commands/fun/gang.json,#35;#52;#53;#54;#56,source-reconciled
locales/en/commands/fun/gun.json,#35;#52;#53;#54;#56,source-reconciled
locales/en/commands/fun/howgay.json,#35;#52;#53;#54;#56,source-reconciled
locales/en/commands/fun/image.json,#35;#52;#53;#54;#56,source-reconciled
locales/en/commands/fun/iq.json,#35;#52;#53;#54;#56,source-reconciled
locales/en/commands/fun/jumbo.json,#35;#52;#53;#54;#56,source-reconciled
locales/en/commands/fun/modify.json,#35;#52;#53;#54;#56,source-reconciled
locales/en/commands/fun/nword.json,#35;#52;#53;#54;#56,source-reconciled
locales/en/commands/fun/nwordlb.json,#35;#52;#53;#54;#56,source-reconciled
locales/en/commands/fun/oogway.json,#35;#52;#53;#54;#56,source-reconciled
locales/en/commands/fun/overlay.json,#35;#52;#53;#54;#56,source-reconciled
locales/en/commands/fun/pick.json,#35;#52;#53;#54;#56,source-reconciled
locales/en/commands/fun/poll.json,#35;#52;#53;#54;#56,source-reconciled
locales/en/commands/fun/polls.json,#35;#52;#53;#54;#56,source-reconciled
locales/en/commands/fun/pooh.json,#35;#52;#53;#54;#56,source-reconciled
locales/en/commands/fun/pp.json,#35;#52;#53;#54;#56,source-reconciled
locales/en/commands/fun/quickpoll.json,#35;#52;#53;#54;#56,source-reconciled
locales/en/commands/fun/quote.json,#35;#52;#53;#54;#56,source-reconciled
locales/en/commands/fun/randomhex.json,#35;#52;#53;#54;#56,source-reconciled
locales/en/commands/fun/reactionsnipe.json,#35;#52;#53;#54;#56,source-reconciled
locales/en/commands/fun/render.json,#35;#52;#53;#54;#56,source-reconciled
locales/en/commands/fun/roast.json,#35;#52;#53;#54;#56,source-reconciled
locales/en/commands/fun/rotate.json,#35;#52;#53;#54;#56,source-reconciled
locales/en/commands/fun/rps.json,#35;#52;#53;#54;#56,source-reconciled
locales/en/commands/fun/sadcat.json,#35;#52;#53;#54;#56,source-reconciled
locales/en/commands/fun/scene.json,#35;#52;#53;#54;#56,source-reconciled
locales/en/commands/fun/ship.json,#35;#52;#53;#54;#56,source-reconciled
locales/en/commands/fun/simple.json,#35;#52;#53;#54;#56,source-reconciled
locales/en/commands/fun/smoke.json,#35;#52;#53;#54;#56,source-reconciled
locales/en/commands/fun/snipe.json,#35;#52;#53;#54;#56,source-reconciled
locales/en/commands/fun/spark.json,#35;#52;#53;#54;#56,source-reconciled
locales/en/commands/fun/supreme.json,#35;#52;#53;#54;#56,source-reconciled
locales/en/commands/fun/taps.json,#35;#52;#53;#54;#56,source-reconciled
locales/en/commands/fun/text.json,#35;#52;#53;#54;#56,source-reconciled
locales/en/commands/fun/tictactoe.json,#35;#52;#53;#54;#56,source-reconciled
locales/en/commands/fun/utility.json,#35;#52;#53;#54;#56,source-reconciled
locales/en/commands/fun/uwuify.json,#35;#52;#53;#54;#56,source-reconciled
locales/en/commands/fun/uwulock.json,#35;#52;#53;#54;#56,source-reconciled
locales/en/commands/fun/vape.json,#35;#52;#53;#54;#56,source-reconciled
locales/en/commands/fun/vape/flavor.json,#35;#52;#53;#54;#56,source-reconciled
locales/en/commands/fun/vape/hits.json,#35;#52;#53;#54;#56,source-reconciled
locales/en/commands/fun/vape/index.json,#35;#52;#53;#54;#56,source-reconciled
locales/en/commands/fun/vape/steal.json,#35;#52;#53;#54;#56,source-reconciled
locales/en/commands/fun/wanted.json,#35;#52;#53;#54;#56,source-reconciled
locales/en/commands/fun/wyr.json,#35;#52;#53;#54;#56,source-reconciled
locales/en/commands/information/afk.json,#51;#52;#60;#62,source-reconciled
locales/en/commands/information/avatar.json,#51;#52;#60;#62,source-reconciled
locales/en/commands/information/banner.json,#51;#52;#60;#62,source-reconciled
locales/en/commands/information/bans.json,#51;#52;#60;#62,source-reconciled
locales/en/commands/information/bible.json,#51;#52;#60;#62,source-reconciled
locales/en/commands/information/boomer.json,#51;#52;#60;#62,source-reconciled
locales/en/commands/information/botinfo.json,#51;#52;#60;#62,source-reconciled
locales/en/commands/information/bots.json,#51;#52;#60;#62,source-reconciled
locales/en/commands/information/channelinfo.json,#51;#52;#60;#62,source-reconciled
locales/en/commands/information/clearnames.json,#51;#52;#60;#62,source-reconciled
locales/en/commands/information/color.json,#51;#52;#60;#62,source-reconciled
locales/en/commands/information/dominant.json,#51;#52;#60;#62,source-reconciled
locales/en/commands/information/emojis.json,#51;#52;#60;#62,source-reconciled
locales/en/commands/information/firstmessage.json,#51;#52;#60;#62,source-reconciled
locales/en/commands/information/getbotinvite.json,#51;#52;#60;#62,source-reconciled
locales/en/commands/information/github.json,#51;#52;#60;#62,source-reconciled
locales/en/commands/information/guildbanner.json,#51;#52;#60;#62,source-reconciled
locales/en/commands/information/guildicon.json,#51;#52;#60;#62,source-reconciled
locales/en/commands/information/guildsplash.json,#51;#52;#60;#62,source-reconciled
locales/en/commands/information/guildstats.json,#51;#52;#60;#62,source-reconciled
locales/en/commands/information/help.json,#51;#52;#60;#62,source-reconciled
locales/en/commands/information/inrole.json,#51;#52;#60;#62,source-reconciled
locales/en/commands/information/invite.json,#51;#52;#60;#62,source-reconciled
locales/en/commands/information/inviteinfo.json,#51;#52;#60;#62,source-reconciled
locales/en/commands/information/invites.json,#51;#52;#60;#62,source-reconciled
locales/en/commands/information/membercount.json,#51;#52;#60;#62,source-reconciled
locales/en/commands/information/namehistory.json,#51;#52;#60;#62,source-reconciled
locales/en/commands/information/newest.json,#51;#52;#60;#62,source-reconciled
locales/en/commands/information/newusers.json,#51;#52;#60;#62,source-reconciled
locales/en/commands/information/ocr.json,#51;#52;#60;#62,source-reconciled
locales/en/commands/information/oldest.json,#51;#52;#60;#62,source-reconciled
locales/en/commands/information/permissions.json,#51;#52;#60;#62,source-reconciled
locales/en/commands/information/ping.json,#51;#52;#60;#62,source-reconciled
locales/en/commands/information/quran.json,#51;#52;#60;#62,source-reconciled
locales/en/commands/information/reverse.json,#51;#52;#60;#62,source-reconciled
locales/en/commands/information/roleinfo.json,#51;#52;#60;#62,source-reconciled
locales/en/commands/information/roles.json,#51;#52;#60;#62,source-reconciled
locales/en/commands/information/screenshot.json,#51;#52;#60;#62,source-reconciled
locales/en/commands/information/serveravatar.json,#51;#52;#60;#62,source-reconciled
locales/en/commands/information/serverbanner.json,#51;#52;#60;#62,source-reconciled
locales/en/commands/information/serverinfo.json,#51;#52;#60;#62,source-reconciled
locales/en/commands/information/stickers.json,#51;#52;#60;#62,source-reconciled
locales/en/commands/information/timezone.json,#51;#52;#60;#62,source-reconciled
locales/en/commands/information/timezone/set.json,#51;#52;#60;#62,source-reconciled
locales/en/commands/information/urbandictionary.json,#51;#52;#60;#62,source-reconciled
locales/en/commands/information/userinfo.json,#51;#52;#60;#62,source-reconciled
locales/en/commands/information/vote.json,#51;#52;#60;#62,source-reconciled
locales/en/commands/information/weather.json,#51;#52;#60;#62,source-reconciled
locales/en/commands/lastfm/artist.json,#57,source-reconciled
locales/en/commands/lastfm/collage.json,#57,source-reconciled
locales/en/commands/lastfm/customcommand.json,#57,source-reconciled
locales/en/commands/lastfm/embed.json,#57,source-reconciled
locales/en/commands/lastfm/fm.json,#57,source-reconciled
locales/en/commands/lastfm/index.json,#57,source-reconciled
locales/en/commands/lastfm/login.json,#57,source-reconciled
locales/en/commands/lastfm/milestone.json,#57,source-reconciled
locales/en/commands/lastfm/mostcrowns.json,#57,source-reconciled
locales/en/commands/lastfm/nowplaying.json,#57,source-reconciled
locales/en/commands/lastfm/reaction.json,#57,source-reconciled
locales/en/commands/lastfm/recents.json,#57,source-reconciled
locales/en/commands/lastfm/refresh.json,#57,source-reconciled
locales/en/commands/lastfm/set.json,#57,source-reconciled
locales/en/commands/lastfm/steal.json,#57,source-reconciled
locales/en/commands/lastfm/taste.json,#57,source-reconciled
locales/en/commands/lastfm/topalbums.json,#57,source-reconciled
locales/en/commands/lastfm/topartists.json,#57,source-reconciled
locales/en/commands/lastfm/toptracks.json,#57,source-reconciled
locales/en/commands/lastfm/update.json,#57,source-reconciled
locales/en/commands/lastfm/variables.json,#57,source-reconciled
locales/en/commands/lastfm/whoknows.json,#57,source-reconciled
locales/en/commands/levels/admin.json,#50,source-reconciled
locales/en/commands/levels/live/text.json,#50,source-reconciled
locales/en/commands/levels/live/voice.json,#50,source-reconciled
locales/en/commands/levels/manage.json,#50,source-reconciled
locales/en/commands/levels/reset/all.json,#50,source-reconciled
locales/en/commands/levels/reset/help.json,#50,source-reconciled
locales/en/commands/levels/reset/user.json,#50,source-reconciled
locales/en/commands/levels/setup.json,#50,source-reconciled
locales/en/commands/logs/add.json,#37;#39;#40;#50,source-reconciled
locales/en/commands/logs/color.json,#37;#39;#40;#50,source-reconciled
locales/en/commands/logs/ignore.json,#37;#39;#40;#50,source-reconciled
locales/en/commands/logs/index.json,#37;#39;#40;#50,source-reconciled
locales/en/commands/logs/logs.json,#37;#39;#40;#50,source-reconciled
locales/en/commands/logs/remove.json,#37;#39;#40;#50,source-reconciled
locales/en/commands/logs/view.json,#37;#39;#40;#50,source-reconciled
locales/en/commands/manipulation/alexflipnote.json,#56,source-reconciled
locales/en/commands/manipulation/jeyy.json,#56,source-reconciled
locales/en/commands/manipulation/popcat.json,#56,source-reconciled
locales/en/commands/moderation/audit.json,#37;#38,source-reconciled
locales/en/commands/moderation/ban.json,#37;#38,source-reconciled
locales/en/commands/moderation/cleanup.json,#37;#38,source-reconciled
locales/en/commands/moderation/common.json,#37;#38,source-reconciled
locales/en/commands/moderation/core.json,#37;#38,source-reconciled
locales/en/commands/moderation/denyperm.json,#37;#38,source-reconciled
locales/en/commands/moderation/hardban.json,#37;#38,source-reconciled
locales/en/commands/moderation/hardban/list.json,#37;#38,source-reconciled
locales/en/commands/moderation/hide.json,#37;#38,source-reconciled
locales/en/commands/moderation/history.json,#37;#38,source-reconciled
locales/en/commands/moderation/imute.json,#37;#38,source-reconciled
locales/en/commands/moderation/jail.json,#37;#38,source-reconciled
locales/en/commands/moderation/jail/list.json,#37;#38,source-reconciled
locales/en/commands/moderation/kick.json,#37;#38,source-reconciled
locales/en/commands/moderation/lockdown/all.json,#37;#38,source-reconciled
locales/en/commands/moderation/lockdown/ignore/index.json,#37;#38,source-reconciled
locales/en/commands/moderation/lockdown/ignore/list.json,#37;#38,source-reconciled
locales/en/commands/moderation/lockdown/ignore/remove.json,#37;#38,source-reconciled
locales/en/commands/moderation/lockdown/index.json,#37;#38,source-reconciled
locales/en/commands/moderation/lockdown/role.json,#37;#38,source-reconciled
locales/en/commands/moderation/modhistory.json,#37;#38,source-reconciled
locales/en/commands/moderation/nickname.json,#37;#38,source-reconciled
locales/en/commands/moderation/nickname/force/cancel.json,#37;#38,source-reconciled
locales/en/commands/moderation/nickname/force/index.json,#37;#38,source-reconciled
locales/en/commands/moderation/nickname/index.json,#37;#38,source-reconciled
locales/en/commands/moderation/nickname/remove.json,#37;#38,source-reconciled
locales/en/commands/moderation/nsfw.json,#37;#38,source-reconciled
locales/en/commands/moderation/nuke/index.json,#37;#38,source-reconciled
locales/en/commands/moderation/nuke/message.json,#37;#38,source-reconciled
locales/en/commands/moderation/picperms.json,#37;#38,source-reconciled
locales/en/commands/moderation/protect.json,#37;#38,source-reconciled
locales/en/commands/moderation/purge.json,#37;#38,source-reconciled
locales/en/commands/moderation/purge/activity.json,#37;#38,source-reconciled
locales/en/commands/moderation/purge/after.json,#37;#38,source-reconciled
locales/en/commands/moderation/purge/before.json,#37;#38,source-reconciled
locales/en/commands/moderation/purge/between.json,#37;#38,source-reconciled
locales/en/commands/moderation/purge/bots.json,#37;#38,source-reconciled
locales/en/commands/moderation/purge/contains.json,#37;#38,source-reconciled
locales/en/commands/moderation/purge/embeds.json,#37;#38,source-reconciled
locales/en/commands/moderation/purge/emojis.json,#37;#38,source-reconciled
locales/en/commands/moderation/purge/endswith.json,#37;#38,source-reconciled
locales/en/commands/moderation/purge/except.json,#37;#38,source-reconciled
locales/en/commands/moderation/purge/files.json,#37;#38,source-reconciled
locales/en/commands/moderation/purge/humans.json,#37;#38,source-reconciled
locales/en/commands/moderation/purge/images.json,#37;#38,source-reconciled
locales/en/commands/moderation/purge/index.json,#37;#38,source-reconciled
locales/en/commands/moderation/purge/invites.json,#37;#38,source-reconciled
locales/en/commands/moderation/purge/links.json,#37;#38,source-reconciled
locales/en/commands/moderation/purge/mentions.json,#37;#38,source-reconciled
locales/en/commands/moderation/purge/reactions.json,#37;#38,source-reconciled
locales/en/commands/moderation/purge/startswith.json,#37;#38,source-reconciled
locales/en/commands/moderation/purge/stickers.json,#37;#38,source-reconciled
locales/en/commands/moderation/purge/system.json,#37;#38,source-reconciled
locales/en/commands/moderation/purge/voice.json,#37;#38,source-reconciled
locales/en/commands/moderation/purge/webhooks.json,#37;#38,source-reconciled
locales/en/commands/moderation/reveal.json,#37;#38,source-reconciled
locales/en/commands/moderation/rmute.json,#37;#38,source-reconciled
locales/en/commands/moderation/role/add.json,#37;#38,source-reconciled
locales/en/commands/moderation/role/all.json,#37;#38,source-reconciled
locales/en/commands/moderation/role/allRemove.json,#37;#38,source-reconciled
locales/en/commands/moderation/role/bots.json,#37;#38,source-reconciled
locales/en/commands/moderation/role/botsRemove.json,#37;#38,source-reconciled
locales/en/commands/moderation/role/color.json,#37;#38,source-reconciled
locales/en/commands/moderation/role/create.json,#37;#38,source-reconciled
locales/en/commands/moderation/role/delete.json,#37;#38,source-reconciled
locales/en/commands/moderation/role/has.json,#37;#38,source-reconciled
locales/en/commands/moderation/role/hasRemove.json,#37;#38,source-reconciled
locales/en/commands/moderation/role/hoist.json,#37;#38,source-reconciled
locales/en/commands/moderation/role/humans.json,#37;#38,source-reconciled
locales/en/commands/moderation/role/humansRemove.json,#37;#38,source-reconciled
locales/en/commands/moderation/role/icon.json,#37;#38,source-reconciled
locales/en/commands/moderation/role/index.json,#37;#38,source-reconciled
locales/en/commands/moderation/role/mentionable.json,#37;#38,source-reconciled
locales/en/commands/moderation/role/remove.json,#37;#38,source-reconciled
locales/en/commands/moderation/role/rename.json,#37;#38,source-reconciled
locales/en/commands/moderation/role/restore.json,#37;#38,source-reconciled
locales/en/commands/moderation/selfpurge.json,#37;#38,source-reconciled
locales/en/commands/moderation/setup.json,#37;#38,source-reconciled
locales/en/commands/moderation/slowmode/disable.json,#37;#38,source-reconciled
locales/en/commands/moderation/slowmode/index.json,#37;#38,source-reconciled
locales/en/commands/moderation/softban.json,#37;#38,source-reconciled
locales/en/commands/moderation/staffstrip.json,#37;#38,source-reconciled
locales/en/commands/moderation/strip.json,#37;#38,source-reconciled
locales/en/commands/moderation/timeout.json,#37;#38,source-reconciled
locales/en/commands/moderation/timeout/list.json,#37;#38,source-reconciled
locales/en/commands/moderation/topic/index.json,#37;#38,source-reconciled
locales/en/commands/moderation/topic/remove.json,#37;#38,source-reconciled
locales/en/commands/moderation/unban.json,#37;#38,source-reconciled
locales/en/commands/moderation/unban/all.json,#37;#38,source-reconciled
locales/en/commands/moderation/unjail.json,#37;#38,source-reconciled
locales/en/commands/moderation/unjail/all.json,#37;#38,source-reconciled
locales/en/commands/moderation/unlockdown/all.json,#37;#38,source-reconciled
locales/en/commands/moderation/unlockdown/index.json,#37;#38,source-reconciled
locales/en/commands/moderation/untimeout.json,#37;#38,source-reconciled
locales/en/commands/moderation/untimeout/all.json,#37;#38,source-reconciled
locales/en/commands/moderation/utils.json,#37;#38,source-reconciled
locales/en/commands/moderation/warn.json,#37;#38,source-reconciled
locales/en/commands/moderation/warn/clear.json,#37;#38,source-reconciled
locales/en/commands/moderation/warn/list.json,#37;#38,source-reconciled
locales/en/commands/moderation/warn/remove.json,#37;#38,source-reconciled
locales/en/commands/moderation/warnings.json,#37;#38,source-reconciled
locales/en/commands/music/events.json,#58,source-reconciled
locales/en/commands/music/filters.json,#58,source-reconciled
locales/en/commands/music/pause.json,#58,source-reconciled
locales/en/commands/music/play.json,#58,source-reconciled
locales/en/commands/music/queue.json,#58,source-reconciled
locales/en/commands/music/resume.json,#58,source-reconciled
locales/en/commands/music/skip.json,#58,source-reconciled
locales/en/commands/music/stop.json,#58,source-reconciled
locales/en/commands/music/volume.json,#58,source-reconciled
locales/en/commands/roleplay/roleplay.json,#54,source-reconciled
locales/en/commands/security/antinuke.json,#39;#40,source-reconciled
locales/en/commands/security/antinuke/admin/add.json,#39;#40,source-reconciled
locales/en/commands/security/antinuke/admin/index.json,#39;#40,source-reconciled
locales/en/commands/security/antinuke/admin/list.json,#39;#40,source-reconciled
locales/en/commands/security/antinuke/admin/remove.json,#39;#40,source-reconciled
locales/en/commands/security/antinuke/index.json,#39;#40,source-reconciled
locales/en/commands/security/antinuke/module/punishment.json,#39;#40,source-reconciled
locales/en/commands/security/antinuke/module/settings.json,#39;#40,source-reconciled
locales/en/commands/security/antinuke/module/threshold.json,#39;#40,source-reconciled
locales/en/commands/security/antinuke/module/toggle.json,#39;#40,source-reconciled
locales/en/commands/security/antinuke/punishment.json,#39;#40,source-reconciled
locales/en/commands/security/antinuke/settings.json,#39;#40,source-reconciled
locales/en/commands/security/antinuke/toggle.json,#39;#40,source-reconciled
locales/en/commands/security/antinuke/whitelist/add.json,#39;#40,source-reconciled
locales/en/commands/security/antinuke/whitelist/index.json,#39;#40,source-reconciled
locales/en/commands/security/antinuke/whitelist/list.json,#39;#40,source-reconciled
locales/en/commands/security/antinuke/whitelist/remove.json,#39;#40,source-reconciled
locales/en/commands/security/antinuke/window.json,#39;#40,source-reconciled
locales/en/commands/security/antiraid/actions/index.json,#39;#40,source-reconciled
locales/en/commands/security/antiraid/actions/raid.json,#39;#40,source-reconciled
locales/en/commands/security/antiraid/actions/recentban.json,#39;#40,source-reconciled
locales/en/commands/security/antiraid/defaultpfp.json,#39;#40,source-reconciled
locales/en/commands/security/antiraid/index.json,#39;#40,source-reconciled
locales/en/commands/security/antiraid/lockdown.json,#39;#40,source-reconciled
locales/en/commands/security/antiraid/massmention.json,#39;#40,source-reconciled
locales/en/commands/security/antiraid/module/lockchannels.json,#39;#40,source-reconciled
locales/en/commands/security/antiraid/module/punishmembers.json,#39;#40,source-reconciled
locales/en/commands/security/antiraid/module/punishment.json,#39;#40,source-reconciled
locales/en/commands/security/antiraid/module/settings.json,#39;#40,source-reconciled
locales/en/commands/security/antiraid/module/threshold.json,#39;#40,source-reconciled
locales/en/commands/security/antiraid/module/toggle.json,#39;#40,source-reconciled
locales/en/commands/security/antiraid/punishment.json,#39;#40,source-reconciled
locales/en/commands/security/antiraid/settings.json,#39;#40,source-reconciled
locales/en/commands/security/antiraid/toggle.json,#39;#40,source-reconciled
locales/en/commands/security/antiraid/unverifiedbots.json,#39;#40,source-reconciled
locales/en/commands/security/antiraid/username/action.json,#39;#40,source-reconciled
locales/en/commands/security/antiraid/username/add.json,#39;#40,source-reconciled
locales/en/commands/security/antiraid/username/index.json,#39;#40,source-reconciled
locales/en/commands/security/antiraid/username/list.json,#39;#40,source-reconciled
locales/en/commands/security/antiraid/username/remove.json,#39;#40,source-reconciled
locales/en/commands/security/antiraid/whitelist/add.json,#39;#40,source-reconciled
locales/en/commands/security/antiraid/whitelist/index.json,#39;#40,source-reconciled
locales/en/commands/security/antiraid/whitelist/list.json,#39;#40,source-reconciled
locales/en/commands/security/antiraid/whitelist/remove.json,#39;#40,source-reconciled
locales/en/commands/security/automod/blacklist/add.json,#39;#40,source-reconciled
locales/en/commands/security/automod/blacklist/clear.json,#39;#40,source-reconciled
locales/en/commands/security/automod/blacklist/index.json,#39;#40,source-reconciled
locales/en/commands/security/automod/blacklist/list.json,#39;#40,source-reconciled
locales/en/commands/security/automod/blacklist/remove.json,#39;#40,source-reconciled
locales/en/commands/security/automod/filter/action.json,#39;#40,source-reconciled
locales/en/commands/security/automod/filter/settings.json,#39;#40,source-reconciled
locales/en/commands/security/automod/filter/threshold.json,#39;#40,source-reconciled
locales/en/commands/security/automod/filter/toggle.json,#39;#40,source-reconciled
locales/en/commands/security/automod/filters/index.json,#39;#40,source-reconciled
locales/en/commands/security/automod/filters/malicious.json,#39;#40,source-reconciled
locales/en/commands/security/automod/filters/nsfw.json,#39;#40,source-reconciled
locales/en/commands/security/automod/filters/repetition.json,#39;#40,source-reconciled
locales/en/commands/security/automod/filters/walloftext.json,#39;#40,source-reconciled
locales/en/commands/security/automod/index.json,#39;#40,source-reconciled
locales/en/commands/security/automod/keywords/add.json,#39;#40,source-reconciled
locales/en/commands/security/automod/keywords/index.json,#39;#40,source-reconciled
locales/en/commands/security/automod/keywords/list.json,#39;#40,source-reconciled
locales/en/commands/security/automod/keywords/remove.json,#39;#40,source-reconciled
locales/en/commands/security/automod/regex/add.json,#39;#40,source-reconciled
locales/en/commands/security/automod/regex/index.json,#39;#40,source-reconciled
locales/en/commands/security/automod/regex/list.json,#39;#40,source-reconciled
locales/en/commands/security/automod/regex/remove.json,#39;#40,source-reconciled
locales/en/commands/security/automod/regex/test.json,#39;#40,source-reconciled
locales/en/commands/security/automod/settings.json,#39;#40,source-reconciled
locales/en/commands/security/automod/strikes/cap.json,#39;#40,source-reconciled
locales/en/commands/security/automod/strikes/decay.json,#39;#40,source-reconciled
locales/en/commands/security/automod/strikes/index.json,#39;#40,source-reconciled
locales/en/commands/security/automod/strikes/level.json,#39;#40,source-reconciled
locales/en/commands/security/automod/strikes/reset.json,#39;#40,source-reconciled
locales/en/commands/security/automod/strikes/set.json,#39;#40,source-reconciled
locales/en/commands/security/automod/strikes/settings.json,#39;#40,source-reconciled
locales/en/commands/security/automod/strikes/toggle.json,#39;#40,source-reconciled
locales/en/commands/security/automod/strikes/view.json,#39;#40,source-reconciled
locales/en/commands/security/automod/timeout.json,#39;#40,source-reconciled
locales/en/commands/security/automod/toggle.json,#39;#40,source-reconciled
locales/en/commands/security/automod/whitelist/add.json,#39;#40,source-reconciled
locales/en/commands/security/automod/whitelist/index.json,#39;#40,source-reconciled
locales/en/commands/security/automod/whitelist/list.json,#39;#40,source-reconciled
locales/en/commands/security/automod/whitelist/remove.json,#39;#40,source-reconciled
locales/en/commands/security/fakepermissions.json,#39;#40,source-reconciled
locales/en/commands/security/filter.json,#39;#40,source-reconciled
locales/en/commands/security/history/clear.json,#39;#40,source-reconciled
locales/en/commands/security/history/export.json,#39;#40,source-reconciled
locales/en/commands/security/history/index.json,#39;#40,source-reconciled
locales/en/commands/security/history/view.json,#39;#40,source-reconciled
locales/en/commands/security/incidents.json,#39;#40,source-reconciled
locales/en/commands/security/incidents/index.json,#39;#40,source-reconciled
locales/en/commands/security/incidents/list.json,#39;#40,source-reconciled
locales/en/commands/security/incidents/resolve.json,#39;#40,source-reconciled
locales/en/commands/security/incidents/search.json,#39;#40,source-reconciled
locales/en/commands/security/incidents/view.json,#39;#40,source-reconciled
locales/en/commands/security/index.json,#39;#40,source-reconciled
locales/en/commands/security/logs.json,#39;#40,source-reconciled
locales/en/commands/security/logs/index.json,#39;#40,source-reconciled
locales/en/commands/security/logs/remove.json,#39;#40,source-reconciled
locales/en/commands/security/logs/set.json,#39;#40,source-reconciled
locales/en/commands/security/logs/view.json,#39;#40,source-reconciled
locales/en/commands/server/alias/add.json,#41;#43;#44;#45;#46;#47;#50,source-reconciled
locales/en/commands/server/alias/index.json,#41;#43;#44;#45;#46;#47;#50,source-reconciled
locales/en/commands/server/alias/list.json,#41;#43;#44;#45;#46;#47;#50,source-reconciled
locales/en/commands/server/alias/remove.json,#41;#43;#44;#45;#46;#47;#50,source-reconciled
locales/en/commands/server/alias/removeall.json,#41;#43;#44;#45;#46;#47;#50,source-reconciled
locales/en/commands/server/alias/reset.json,#41;#43;#44;#45;#46;#47;#50,source-reconciled
locales/en/commands/server/autopfp/index.json,#41;#43;#44;#45;#46;#47;#50,source-reconciled
locales/en/commands/server/autopfp/interval.json,#41;#43;#44;#45;#46;#47;#50,source-reconciled
locales/en/commands/server/autopfp/list.json,#41;#43;#44;#45;#46;#47;#50,source-reconciled
locales/en/commands/server/autopfp/remove.json,#41;#43;#44;#45;#46;#47;#50,source-reconciled
locales/en/commands/server/autopfp/setup.json,#41;#43;#44;#45;#46;#47;#50,source-reconciled
locales/en/commands/server/autopfp/test.json,#41;#43;#44;#45;#46;#47;#50,source-reconciled
locales/en/commands/server/backup/create.json,#41;#43;#44;#45;#46;#47;#50,source-reconciled
locales/en/commands/server/backup/delete.json,#41;#43;#44;#45;#46;#47;#50,source-reconciled
locales/en/commands/server/backup/index.json,#41;#43;#44;#45;#46;#47;#50,source-reconciled
locales/en/commands/server/backup/list.json,#41;#43;#44;#45;#46;#47;#50,source-reconciled
locales/en/commands/server/backup/rename.json,#41;#43;#44;#45;#46;#47;#50,source-reconciled
locales/en/commands/server/backup/restore.json,#41;#43;#44;#45;#46;#47;#50,source-reconciled
locales/en/commands/server/backup/view.json,#41;#43;#44;#45;#46;#47;#50,source-reconciled
locales/en/commands/server/boost/channel.json,#41;#43;#44;#45;#46;#47;#50,source-reconciled
locales/en/commands/server/boost/index.json,#41;#43;#44;#45;#46;#47;#50,source-reconciled
locales/en/commands/server/boost/message.json,#41;#43;#44;#45;#46;#47;#50,source-reconciled
locales/en/commands/server/boost/remove.json,#41;#43;#44;#45;#46;#47;#50,source-reconciled
locales/en/commands/server/boost/settings.json,#41;#43;#44;#45;#46;#47;#50,source-reconciled
locales/en/commands/server/boost/variables.json,#41;#43;#44;#45;#46;#47;#50,source-reconciled
locales/en/commands/server/boost/view.json,#41;#43;#44;#45;#46;#47;#50,source-reconciled
locales/en/commands/server/boosterrole/base.json,#41;#43;#44;#45;#46;#47;#50,source-reconciled
locales/en/commands/server/boosterrole/color.json,#41;#43;#44;#45;#46;#47;#50,source-reconciled
locales/en/commands/server/boosterrole/create.json,#41;#43;#44;#45;#46;#47;#50,source-reconciled
locales/en/commands/server/boosterrole/delete.json,#41;#43;#44;#45;#46;#47;#50,source-reconciled
locales/en/commands/server/boosterrole/disable.json,#41;#43;#44;#45;#46;#47;#50,source-reconciled
locales/en/commands/server/boosterrole/filter/add.json,#41;#43;#44;#45;#46;#47;#50,source-reconciled
locales/en/commands/server/boosterrole/filter/index.json,#41;#43;#44;#45;#46;#47;#50,source-reconciled
locales/en/commands/server/boosterrole/filter/list.json,#41;#43;#44;#45;#46;#47;#50,source-reconciled
locales/en/commands/server/boosterrole/filter/remove.json,#41;#43;#44;#45;#46;#47;#50,source-reconciled
locales/en/commands/server/boosterrole/hoist.json,#41;#43;#44;#45;#46;#47;#50,source-reconciled
locales/en/commands/server/boosterrole/icon.json,#41;#43;#44;#45;#46;#47;#50,source-reconciled
locales/en/commands/server/boosterrole/include.json,#41;#43;#44;#45;#46;#47;#50,source-reconciled
locales/en/commands/server/boosterrole/index.json,#41;#43;#44;#45;#46;#47;#50,source-reconciled
locales/en/commands/server/boosterrole/limit.json,#41;#43;#44;#45;#46;#47;#50,source-reconciled
locales/en/commands/server/boosterrole/list.json,#41;#43;#44;#45;#46;#47;#50,source-reconciled
locales/en/commands/server/boosterrole/rename.json,#41;#43;#44;#45;#46;#47;#50,source-reconciled
locales/en/commands/server/boosterrole/setup.json,#41;#43;#44;#45;#46;#47;#50,source-reconciled
locales/en/commands/server/boosterrole/share.json,#41;#43;#44;#45;#46;#47;#50,source-reconciled
locales/en/commands/server/boosterrole/shares/index.json,#41;#43;#44;#45;#46;#47;#50,source-reconciled
locales/en/commands/server/boosterrole/shares/list.json,#41;#43;#44;#45;#46;#47;#50,source-reconciled
locales/en/commands/server/boosterrole/shares/max.json,#41;#43;#44;#45;#46;#47;#50,source-reconciled
locales/en/commands/server/boosterrole/shares/remove.json,#41;#43;#44;#45;#46;#47;#50,source-reconciled
locales/en/commands/server/boosterrole/sync.json,#41;#43;#44;#45;#46;#47;#50,source-reconciled
locales/en/commands/server/customize/avatar.json,#41;#43;#44;#45;#46;#47;#50,source-reconciled
locales/en/commands/server/customize/banner.json,#41;#43;#44;#45;#46;#47;#50,source-reconciled
locales/en/commands/server/customize/bio.json,#41;#43;#44;#45;#46;#47;#50,source-reconciled
locales/en/commands/server/customize/index.json,#41;#43;#44;#45;#46;#47;#50,source-reconciled
locales/en/commands/server/customize/name.json,#41;#43;#44;#45;#46;#47;#50,source-reconciled
locales/en/commands/server/customize/preset/apply.json,#41;#43;#44;#45;#46;#47;#50,source-reconciled
locales/en/commands/server/customize/preset/create.json,#41;#43;#44;#45;#46;#47;#50,source-reconciled
locales/en/commands/server/customize/preset/list.json,#41;#43;#44;#45;#46;#47;#50,source-reconciled
locales/en/commands/server/customize/preset/remove.json,#41;#43;#44;#45;#46;#47;#50,source-reconciled
locales/en/commands/server/customize/reset.json,#41;#43;#44;#45;#46;#47;#50,source-reconciled
locales/en/commands/server/fakepermissions/add.json,#41;#43;#44;#45;#46;#47;#50,source-reconciled
locales/en/commands/server/fakepermissions/clear.json,#41;#43;#44;#45;#46;#47;#50,source-reconciled
locales/en/commands/server/fakepermissions/index.json,#41;#43;#44;#45;#46;#47;#50,source-reconciled
locales/en/commands/server/fakepermissions/list.json,#41;#43;#44;#45;#46;#47;#50,source-reconciled
locales/en/commands/server/fakepermissions/remove.json,#41;#43;#44;#45;#46;#47;#50,source-reconciled
locales/en/commands/server/feeds.json,#41;#43;#44;#45;#46;#47;#50,source-reconciled
locales/en/commands/server/giveaway/blacklist.json,#41;#43;#44;#45;#46;#47;#50,source-reconciled
locales/en/commands/server/giveaway/buttons.json,#41;#43;#44;#45;#46;#47;#50,source-reconciled
locales/en/commands/server/giveaway/dmcreator.json,#41;#43;#44;#45;#46;#47;#50,source-reconciled
locales/en/commands/server/giveaway/dmwinners.json,#41;#43;#44;#45;#46;#47;#50,source-reconciled
locales/en/commands/server/giveaway/edit/description.json,#41;#43;#44;#45;#46;#47;#50,source-reconciled
locales/en/commands/server/giveaway/edit/duration.json,#41;#43;#44;#45;#46;#47;#50,source-reconciled
locales/en/commands/server/giveaway/edit/image.json,#41;#43;#44;#45;#46;#47;#50,source-reconciled
locales/en/commands/server/giveaway/edit/index.json,#41;#43;#44;#45;#46;#47;#50,source-reconciled
locales/en/commands/server/giveaway/edit/maxlevel.json,#41;#43;#44;#45;#46;#47;#50,source-reconciled
locales/en/commands/server/giveaway/edit/minlevel.json,#41;#43;#44;#45;#46;#47;#50,source-reconciled
locales/en/commands/server/giveaway/edit/prize.json,#41;#43;#44;#45;#46;#47;#50,source-reconciled
locales/en/commands/server/giveaway/edit/thumbnail.json,#41;#43;#44;#45;#46;#47;#50,source-reconciled
locales/en/commands/server/giveaway/edit/winners.json,#41;#43;#44;#45;#46;#47;#50,source-reconciled
locales/en/commands/server/giveaway/end.json,#41;#43;#44;#45;#46;#47;#50,source-reconciled
locales/en/commands/server/giveaway/index.json,#41;#43;#44;#45;#46;#47;#50,source-reconciled
locales/en/commands/server/giveaway/reroll.json,#41;#43;#44;#45;#46;#47;#50,source-reconciled
locales/en/commands/server/giveaway/setmax.json,#41;#43;#44;#45;#46;#47;#50,source-reconciled
locales/en/commands/server/giveaway/start.json,#41;#43;#44;#45;#46;#47;#50,source-reconciled
locales/en/commands/server/giveaway/template.json,#41;#43;#44;#45;#46;#47;#50,source-reconciled
locales/en/commands/server/giveaway/utils.json,#41;#43;#44;#45;#46;#47;#50,source-reconciled
locales/en/commands/server/goodbye/channel.json,#41;#43;#44;#45;#46;#47;#50,source-reconciled
locales/en/commands/server/goodbye/index.json,#41;#43;#44;#45;#46;#47;#50,source-reconciled
locales/en/commands/server/goodbye/message.json,#41;#43;#44;#45;#46;#47;#50,source-reconciled
locales/en/commands/server/goodbye/reset.json,#41;#43;#44;#45;#46;#47;#50,source-reconciled
locales/en/commands/server/goodbye/setup.json,#41;#43;#44;#45;#46;#47;#50,source-reconciled
locales/en/commands/server/goodbye/test.json,#41;#43;#44;#45;#46;#47;#50,source-reconciled
locales/en/commands/server/goodbye/view.json,#41;#43;#44;#45;#46;#47;#50,source-reconciled
locales/en/commands/server/invoke/ban.json,#41;#43;#44;#45;#46;#47;#50,source-reconciled
locales/en/commands/server/invoke/base.json,#41;#43;#44;#45;#46;#47;#50,source-reconciled
locales/en/commands/server/invoke/delete.json,#41;#43;#44;#45;#46;#47;#50,source-reconciled
locales/en/commands/server/invoke/hardban.json,#41;#43;#44;#45;#46;#47;#50,source-reconciled
locales/en/commands/server/invoke/imute.json,#41;#43;#44;#45;#46;#47;#50,source-reconciled
locales/en/commands/server/invoke/index.json,#41;#43;#44;#45;#46;#47;#50,source-reconciled
locales/en/commands/server/invoke/iunmute.json,#41;#43;#44;#45;#46;#47;#50,source-reconciled
locales/en/commands/server/invoke/jail.json,#41;#43;#44;#45;#46;#47;#50,source-reconciled
locales/en/commands/server/invoke/kick.json,#41;#43;#44;#45;#46;#47;#50,source-reconciled
locales/en/commands/server/invoke/list.json,#41;#43;#44;#45;#46;#47;#50,source-reconciled
locales/en/commands/server/invoke/reset.json,#41;#43;#44;#45;#46;#47;#50,source-reconciled
locales/en/commands/server/invoke/rmute.json,#41;#43;#44;#45;#46;#47;#50,source-reconciled
locales/en/commands/server/invoke/runmute.json,#41;#43;#44;#45;#46;#47;#50,source-reconciled
locales/en/commands/server/invoke/settings.json,#41;#43;#44;#45;#46;#47;#50,source-reconciled
locales/en/commands/server/invoke/setup.json,#41;#43;#44;#45;#46;#47;#50,source-reconciled
locales/en/commands/server/invoke/softban.json,#41;#43;#44;#45;#46;#47;#50,source-reconciled
locales/en/commands/server/invoke/strip.json,#41;#43;#44;#45;#46;#47;#50,source-reconciled
locales/en/commands/server/invoke/test.json,#41;#43;#44;#45;#46;#47;#50,source-reconciled
locales/en/commands/server/invoke/timeout.json,#41;#43;#44;#45;#46;#47;#50,source-reconciled
locales/en/commands/server/invoke/unban.json,#41;#43;#44;#45;#46;#47;#50,source-reconciled
locales/en/commands/server/invoke/unjail.json,#41;#43;#44;#45;#46;#47;#50,source-reconciled
locales/en/commands/server/invoke/untimeout.json,#41;#43;#44;#45;#46;#47;#50,source-reconciled
locales/en/commands/server/invoke/variables.json,#41;#43;#44;#45;#46;#47;#50,source-reconciled
locales/en/commands/server/invoke/warn.json,#41;#43;#44;#45;#46;#47;#50,source-reconciled
locales/en/commands/server/leave/channel.json,#41;#43;#44;#45;#46;#47;#50,source-reconciled
locales/en/commands/server/leave/message.json,#41;#43;#44;#45;#46;#47;#50,source-reconciled
locales/en/commands/server/leave/reset.json,#41;#43;#44;#45;#46;#47;#50,source-reconciled
locales/en/commands/server/leave/setup.json,#41;#43;#44;#45;#46;#47;#50,source-reconciled
locales/en/commands/server/leave/test.json,#41;#43;#44;#45;#46;#47;#50,source-reconciled
locales/en/commands/server/leave/view.json,#41;#43;#44;#45;#46;#47;#50,source-reconciled
locales/en/commands/server/levels/add.json,#41;#43;#44;#45;#46;#47;#50,source-reconciled
locales/en/commands/server/levels/ignore.json,#41;#43;#44;#45;#46;#47;#50,source-reconciled
locales/en/commands/server/levels/index.json,#41;#43;#44;#45;#46;#47;#50,source-reconciled
locales/en/commands/server/levels/leaderboard.json,#41;#43;#44;#45;#46;#47;#50,source-reconciled
locales/en/commands/server/levels/live/index.json,#41;#43;#44;#45;#46;#47;#50,source-reconciled
locales/en/commands/server/levels/live/text.json,#41;#43;#44;#45;#46;#47;#50,source-reconciled
locales/en/commands/server/levels/live/voice.json,#41;#43;#44;#45;#46;#47;#50,source-reconciled
locales/en/commands/server/levels/message/index.json,#41;#43;#44;#45;#46;#47;#50,source-reconciled
locales/en/commands/server/levels/message/view.json,#41;#43;#44;#45;#46;#47;#50,source-reconciled
locales/en/commands/server/levels/remove.json,#41;#43;#44;#45;#46;#47;#50,source-reconciled
locales/en/commands/server/levels/removexp.json,#41;#43;#44;#45;#46;#47;#50,source-reconciled
locales/en/commands/server/levels/reset/all.json,#41;#43;#44;#45;#46;#47;#50,source-reconciled
locales/en/commands/server/levels/reset/index.json,#41;#43;#44;#45;#46;#47;#50,source-reconciled
locales/en/commands/server/levels/reset/user.json,#41;#43;#44;#45;#46;#47;#50,source-reconciled
locales/en/commands/server/levels/roles.json,#41;#43;#44;#45;#46;#47;#50,source-reconciled
locales/en/commands/server/levels/setlevel.json,#41;#43;#44;#45;#46;#47;#50,source-reconciled
locales/en/commands/server/levels/setrate.json,#41;#43;#44;#45;#46;#47;#50,source-reconciled
locales/en/commands/server/levels/setup.json,#41;#43;#44;#45;#46;#47;#50,source-reconciled
locales/en/commands/server/levels/setxp.json,#41;#43;#44;#45;#46;#47;#50,source-reconciled
locales/en/commands/server/levels/stackroles.json,#41;#43;#44;#45;#46;#47;#50,source-reconciled
locales/en/commands/server/levels/stats.json,#41;#43;#44;#45;#46;#47;#50,source-reconciled
locales/en/commands/server/levels/sync.json,#41;#43;#44;#45;#46;#47;#50,source-reconciled
locales/en/commands/server/pagination/add.json,#41;#43;#44;#45;#46;#47;#50,source-reconciled
locales/en/commands/server/pagination/delete.json,#41;#43;#44;#45;#46;#47;#50,source-reconciled
locales/en/commands/server/pagination/index.json,#41;#43;#44;#45;#46;#47;#50,source-reconciled
locales/en/commands/server/pagination/list.json,#41;#43;#44;#45;#46;#47;#50,source-reconciled
locales/en/commands/server/pagination/remove.json,#41;#43;#44;#45;#46;#47;#50,source-reconciled
locales/en/commands/server/pagination/restorereactions.json,#41;#43;#44;#45;#46;#47;#50,source-reconciled
locales/en/commands/server/pagination/set.json,#41;#43;#44;#45;#46;#47;#50,source-reconciled
locales/en/commands/server/pagination/update.json,#41;#43;#44;#45;#46;#47;#50,source-reconciled
locales/en/commands/server/prefix/index.json,#41;#43;#44;#45;#46;#47;#50,source-reconciled
locales/en/commands/server/prefix/remove.json,#41;#43;#44;#45;#46;#47;#50,source-reconciled
locales/en/commands/server/prefix/self.json,#41;#43;#44;#45;#46;#47;#50,source-reconciled
locales/en/commands/server/prefix/set.json,#41;#43;#44;#45;#46;#47;#50,source-reconciled
locales/en/commands/server/set/banner.json,#41;#43;#44;#45;#46;#47;#50,source-reconciled
locales/en/commands/server/set/icon.json,#41;#43;#44;#45;#46;#47;#50,source-reconciled
locales/en/commands/server/set/index.json,#41;#43;#44;#45;#46;#47;#50,source-reconciled
locales/en/commands/server/set/name.json,#41;#43;#44;#45;#46;#47;#50,source-reconciled
locales/en/commands/server/set/notifications.json,#41;#43;#44;#45;#46;#47;#50,source-reconciled
locales/en/commands/server/set/splash.json,#41;#43;#44;#45;#46;#47;#50,source-reconciled
locales/en/commands/server/set/system.json,#41;#43;#44;#45;#46;#47;#50,source-reconciled
locales/en/commands/server/set/system/boost.json,#41;#43;#44;#45;#46;#47;#50,source-reconciled
locales/en/commands/server/set/system/welcome.json,#41;#43;#44;#45;#46;#47;#50,source-reconciled
locales/en/commands/server/set/system/welcome/sticker.json,#41;#43;#44;#45;#46;#47;#50,source-reconciled
locales/en/commands/server/starboard/add.json,#41;#43;#44;#45;#46;#47;#50,source-reconciled
locales/en/commands/server/starboard/attachments.json,#41;#43;#44;#45;#46;#47;#50,source-reconciled
locales/en/commands/server/starboard/color.json,#41;#43;#44;#45;#46;#47;#50,source-reconciled
locales/en/commands/server/starboard/ignore.json,#41;#43;#44;#45;#46;#47;#50,source-reconciled
locales/en/commands/server/starboard/index.json,#41;#43;#44;#45;#46;#47;#50,source-reconciled
locales/en/commands/server/starboard/jumpurl.json,#41;#43;#44;#45;#46;#47;#50,source-reconciled
locales/en/commands/server/starboard/list.json,#41;#43;#44;#45;#46;#47;#50,source-reconciled
locales/en/commands/server/starboard/move.json,#41;#43;#44;#45;#46;#47;#50,source-reconciled
locales/en/commands/server/starboard/remove.json,#41;#43;#44;#45;#46;#47;#50,source-reconciled
locales/en/commands/server/starboard/timestamp.json,#41;#43;#44;#45;#46;#47;#50,source-reconciled
locales/en/commands/server/starboard/unignore.json,#41;#43;#44;#45;#46;#47;#50,source-reconciled
locales/en/commands/server/ticket/add.json,#41;#43;#44;#45;#46;#47;#50,source-reconciled
locales/en/commands/server/ticket/button.json,#41;#43;#44;#45;#46;#47;#50,source-reconciled
locales/en/commands/server/ticket/category.json,#41;#43;#44;#45;#46;#47;#50,source-reconciled
locales/en/commands/server/ticket/claim.json,#41;#43;#44;#45;#46;#47;#50,source-reconciled
locales/en/commands/server/ticket/close.json,#41;#43;#44;#45;#46;#47;#50,source-reconciled
locales/en/commands/server/ticket/delete.json,#41;#43;#44;#45;#46;#47;#50,source-reconciled
locales/en/commands/server/ticket/handlers.json,#41;#43;#44;#45;#46;#47;#50,source-reconciled
locales/en/commands/server/ticket/index.json,#41;#43;#44;#45;#46;#47;#50,source-reconciled
locales/en/commands/server/ticket/message.json,#41;#43;#44;#45;#46;#47;#50,source-reconciled
locales/en/commands/server/ticket/panel.json,#41;#43;#44;#45;#46;#47;#50,source-reconciled
locales/en/commands/server/ticket/remove.json,#41;#43;#44;#45;#46;#47;#50,source-reconciled
locales/en/commands/server/ticket/rename.json,#41;#43;#44;#45;#46;#47;#50,source-reconciled
locales/en/commands/server/ticket/reset.json,#41;#43;#44;#45;#46;#47;#50,source-reconciled
locales/en/commands/server/ticket/settings/dms.json,#41;#43;#44;#45;#46;#47;#50,source-reconciled
locales/en/commands/server/ticket/settings/inactivity.json,#41;#43;#44;#45;#46;#47;#50,source-reconciled
locales/en/commands/server/ticket/settings/index.json,#41;#43;#44;#45;#46;#47;#50,source-reconciled
locales/en/commands/server/ticket/settings/limit.json,#41;#43;#44;#45;#46;#47;#50,source-reconciled
locales/en/commands/server/ticket/settings/logs.json,#41;#43;#44;#45;#46;#47;#50,source-reconciled
locales/en/commands/server/ticket/settings/rating.json,#41;#43;#44;#45;#46;#47;#50,source-reconciled
locales/en/commands/server/ticket/settings/vouch.json,#41;#43;#44;#45;#46;#47;#50,source-reconciled
locales/en/commands/server/ticket/setup.json,#41;#43;#44;#45;#46;#47;#50,source-reconciled
locales/en/commands/server/ticket/support.json,#41;#43;#44;#45;#46;#47;#50,source-reconciled
locales/en/commands/server/ticket/topics/add.json,#41;#43;#44;#45;#46;#47;#50,source-reconciled
locales/en/commands/server/ticket/topics/category.json,#41;#43;#44;#45;#46;#47;#50,source-reconciled
locales/en/commands/server/ticket/topics/embed.json,#41;#43;#44;#45;#46;#47;#50,source-reconciled
locales/en/commands/server/ticket/topics/index.json,#41;#43;#44;#45;#46;#47;#50,source-reconciled
locales/en/commands/server/ticket/topics/remove.json,#41;#43;#44;#45;#46;#47;#50,source-reconciled
locales/en/commands/server/ticket/topics/role.json,#41;#43;#44;#45;#46;#47;#50,source-reconciled
locales/en/commands/server/ticket/transcript.json,#41;#43;#44;#45;#46;#47;#50,source-reconciled
locales/en/commands/server/ticket/unclaim.json,#41;#43;#44;#45;#46;#47;#50,source-reconciled
locales/en/commands/server/welcome/channel.json,#41;#43;#44;#45;#46;#47;#50,source-reconciled
locales/en/commands/server/welcome/index.json,#41;#43;#44;#45;#46;#47;#50,source-reconciled
locales/en/commands/server/welcome/message.json,#41;#43;#44;#45;#46;#47;#50,source-reconciled
locales/en/commands/server/welcome/reset.json,#41;#43;#44;#45;#46;#47;#50,source-reconciled
locales/en/commands/server/welcome/setup.json,#41;#43;#44;#45;#46;#47;#50,source-reconciled
locales/en/commands/server/welcome/test.json,#41;#43;#44;#45;#46;#47;#50,source-reconciled
locales/en/commands/server/welcome/view.json,#41;#43;#44;#45;#46;#47;#50,source-reconciled
locales/en/commands/settings/autoplay.json,#36;#37;#41;#43;#54;#57;#58,source-reconciled
locales/en/commands/settings/award/add.json,#36;#37;#41;#43;#54;#57;#58,source-reconciled
locales/en/commands/settings/award/index.json,#36;#37;#41;#43;#54;#57;#58,source-reconciled
locales/en/commands/settings/award/list.json,#36;#37;#41;#43;#54;#57;#58,source-reconciled
locales/en/commands/settings/award/remove.json,#36;#37;#41;#43;#54;#57;#58,source-reconciled
locales/en/commands/settings/baserole.json,#36;#37;#41;#43;#54;#57;#58,source-reconciled
locales/en/commands/settings/disable/channel.json,#36;#37;#41;#43;#54;#57;#58,source-reconciled
locales/en/commands/settings/disable/command.json,#36;#37;#41;#43;#54;#57;#58,source-reconciled
locales/en/commands/settings/disable/enable.json,#36;#37;#41;#43;#54;#57;#58,source-reconciled
locales/en/commands/settings/disable/index.json,#36;#37;#41;#43;#54;#57;#58,source-reconciled
locales/en/commands/settings/disable/list.json,#36;#37;#41;#43;#54;#57;#58,source-reconciled
locales/en/commands/settings/disable/reset.json,#36;#37;#41;#43;#54;#57;#58,source-reconciled
locales/en/commands/settings/disable/role.json,#36;#37;#41;#43;#54;#57;#58,source-reconciled
locales/en/commands/settings/disable/whitelist.json,#36;#37;#41;#43;#54;#57;#58,source-reconciled
locales/en/commands/settings/disablecustomfms.json,#36;#37;#41;#43;#54;#57;#58,source-reconciled
locales/en/commands/settings/dj.json,#36;#37;#41;#43;#54;#57;#58,source-reconciled
locales/en/commands/settings/embed.json,#36;#37;#41;#43;#54;#57;#58,source-reconciled
locales/en/commands/settings/enable.json,#36;#37;#41;#43;#54;#57;#58,source-reconciled
locales/en/commands/settings/imuted.json,#36;#37;#41;#43;#54;#57;#58,source-reconciled
locales/en/commands/settings/index.json,#36;#37;#41;#43;#54;#57;#58,source-reconciled
locales/en/commands/settings/jail.json,#36;#37;#41;#43;#54;#57;#58,source-reconciled
locales/en/commands/settings/modlog.json,#36;#37;#41;#43;#54;#57;#58,source-reconciled
locales/en/commands/settings/quote.json,#36;#37;#41;#43;#54;#57;#58,source-reconciled
locales/en/commands/settings/resetcases.json,#36;#37;#41;#43;#54;#57;#58,source-reconciled
locales/en/commands/settings/restrict/allow.json,#36;#37;#41;#43;#54;#57;#58,source-reconciled
locales/en/commands/settings/restrict/deny.json,#36;#37;#41;#43;#54;#57;#58,source-reconciled
locales/en/commands/settings/restrict/index.json,#36;#37;#41;#43;#54;#57;#58,source-reconciled
locales/en/commands/settings/restrict/list.json,#36;#37;#41;#43;#54;#57;#58,source-reconciled
locales/en/commands/settings/restrict/remove.json,#36;#37;#41;#43;#54;#57;#58,source-reconciled
locales/en/commands/settings/restrict/reset.json,#36;#37;#41;#43;#54;#57;#58,source-reconciled
locales/en/commands/settings/rmuted.json,#36;#37;#41;#43;#54;#57;#58,source-reconciled
locales/en/commands/settings/settings.json,#36;#37;#41;#43;#54;#57;#58,source-reconciled
locales/en/commands/settings/snipeProtect.json,#36;#37;#41;#43;#54;#57;#58,source-reconciled
locales/en/commands/settings/staff/add.json,#36;#37;#41;#43;#54;#57;#58,source-reconciled
locales/en/commands/settings/staff/list.json,#36;#37;#41;#43;#54;#57;#58,source-reconciled
locales/en/commands/settings/tags.json,#36;#37;#41;#43;#54;#57;#58,source-reconciled
locales/en/commands/settings/vcrole.json,#36;#37;#41;#43;#54;#57;#58,source-reconciled
locales/en/commands/settings/warn.json,#36;#37;#41;#43;#54;#57;#58,source-reconciled
locales/en/commands/settings/warn/punishment/add.json,#36;#37;#41;#43;#54;#57;#58,source-reconciled
locales/en/commands/settings/warn/punishment/index.json,#36;#37;#41;#43;#54;#57;#58,source-reconciled
locales/en/commands/settings/warn/punishment/list.json,#36;#37;#41;#43;#54;#57;#58,source-reconciled
locales/en/commands/settings/warn/punishment/remove.json,#36;#37;#41;#43;#54;#57;#58,source-reconciled
locales/en/commands/snipe/clearsnipe.json,#54,source-reconciled
locales/en/commands/snipe/editsnipe.json,#54,source-reconciled
locales/en/commands/snipe/index.json,#54,source-reconciled
locales/en/commands/snipe/reactionsnipe.json,#54,source-reconciled
locales/en/commands/snipe/snipe.json,#54,source-reconciled
locales/en/commands/socials/bio.json,#60;#61,source-reconciled
locales/en/commands/socials/instagram.json,#60;#61,source-reconciled
locales/en/commands/socials/pinterest.json,#60;#61,source-reconciled
locales/en/commands/socials/reddit.json,#60;#61,source-reconciled
locales/en/commands/socials/reposters.json,#60;#61,source-reconciled
locales/en/commands/socials/roblox.json,#60;#61,source-reconciled
locales/en/commands/socials/telegram.json,#60;#61,source-reconciled
locales/en/commands/socials/tiktok.json,#60;#61,source-reconciled
locales/en/commands/socials/twitter.json,#60;#61,source-reconciled
locales/en/commands/socials/valorant.json,#60;#61,source-reconciled
locales/en/commands/socials/youtube.json,#60;#61,source-reconciled
locales/en/commands/utility/ask.json,#35;#42;#43;#46;#51;#52;#53;#55;#58;#60;#62,source-reconciled
locales/en/commands/utility/birthday/index.json,#35;#42;#43;#46;#51;#52;#53;#55;#58;#60;#62,source-reconciled
locales/en/commands/utility/birthday/list.json,#35;#42;#43;#46;#51;#52;#53;#55;#58;#60;#62,source-reconciled
locales/en/commands/utility/birthday/remove.json,#35;#42;#43;#46;#51;#52;#53;#55;#58;#60;#62,source-reconciled
locales/en/commands/utility/birthday/set.json,#35;#42;#43;#46;#51;#52;#53;#55;#58;#60;#62,source-reconciled
locales/en/commands/utility/bumpreminder/disable.json,#35;#42;#43;#46;#51;#52;#53;#55;#58;#60;#62,source-reconciled
locales/en/commands/utility/bumpreminder/enable.json,#35;#42;#43;#46;#51;#52;#53;#55;#58;#60;#62,source-reconciled
locales/en/commands/utility/bumpreminder/index.json,#35;#42;#43;#46;#51;#52;#53;#55;#58;#60;#62,source-reconciled
locales/en/commands/utility/bumpreminder/leaderboard.json,#35;#42;#43;#46;#51;#52;#53;#55;#58;#60;#62,source-reconciled
locales/en/commands/utility/bumpreminder/reminder.json,#35;#42;#43;#46;#51;#52;#53;#55;#58;#60;#62,source-reconciled
locales/en/commands/utility/bumpreminder/test.json,#35;#42;#43;#46;#51;#52;#53;#55;#58;#60;#62,source-reconciled
locales/en/commands/utility/bumpreminder/thankyou.json,#35;#42;#43;#46;#51;#52;#53;#55;#58;#60;#62,source-reconciled
locales/en/commands/utility/bumpreminder/view.json,#35;#42;#43;#46;#51;#52;#53;#55;#58;#60;#62,source-reconciled
locales/en/commands/utility/buttonrole/add.json,#35;#42;#43;#46;#51;#52;#53;#55;#58;#60;#62,source-reconciled
locales/en/commands/utility/buttonrole/index.json,#35;#42;#43;#46;#51;#52;#53;#55;#58;#60;#62,source-reconciled
locales/en/commands/utility/buttonrole/list.json,#35;#42;#43;#46;#51;#52;#53;#55;#58;#60;#62,source-reconciled
locales/en/commands/utility/buttonrole/remove.json,#35;#42;#43;#46;#51;#52;#53;#55;#58;#60;#62,source-reconciled
locales/en/commands/utility/buttonrole/removeall.json,#35;#42;#43;#46;#51;#52;#53;#55;#58;#60;#62,source-reconciled
locales/en/commands/utility/buttonrole/reset.json,#35;#42;#43;#46;#51;#52;#53;#55;#58;#60;#62,source-reconciled
locales/en/commands/utility/calculate.json,#35;#42;#43;#46;#51;#52;#53;#55;#58;#60;#62,source-reconciled
locales/en/commands/utility/confessions/blacklist.json,#35;#42;#43;#46;#51;#52;#53;#55;#58;#60;#62,source-reconciled
locales/en/commands/utility/confessions/buttons.json,#35;#42;#43;#46;#51;#52;#53;#55;#58;#60;#62,source-reconciled
locales/en/commands/utility/confessions/emojis.json,#35;#42;#43;#46;#51;#52;#53;#55;#58;#60;#62,source-reconciled
locales/en/commands/utility/confessions/index.json,#35;#42;#43;#46;#51;#52;#53;#55;#58;#60;#62,source-reconciled
locales/en/commands/utility/confessions/modal.json,#35;#42;#43;#46;#51;#52;#53;#55;#58;#60;#62,source-reconciled
locales/en/commands/utility/confessions/mute.json,#35;#42;#43;#46;#51;#52;#53;#55;#58;#60;#62,source-reconciled
locales/en/commands/utility/confessions/remove.json,#35;#42;#43;#46;#51;#52;#53;#55;#58;#60;#62,source-reconciled
locales/en/commands/utility/confessions/report.json,#35;#42;#43;#46;#51;#52;#53;#55;#58;#60;#62,source-reconciled
locales/en/commands/utility/confessions/setup.json,#35;#42;#43;#46;#51;#52;#53;#55;#58;#60;#62,source-reconciled
locales/en/commands/utility/confessions/unmute.json,#35;#42;#43;#46;#51;#52;#53;#55;#58;#60;#62,source-reconciled
locales/en/commands/utility/copyembed.json,#35;#42;#43;#46;#51;#52;#53;#55;#58;#60;#62,source-reconciled
locales/en/commands/utility/counter/disable.json,#35;#42;#43;#46;#51;#52;#53;#55;#58;#60;#62,source-reconciled
locales/en/commands/utility/counter/enable.json,#35;#42;#43;#46;#51;#52;#53;#55;#58;#60;#62,source-reconciled
locales/en/commands/utility/counter/index.json,#35;#42;#43;#46;#51;#52;#53;#55;#58;#60;#62,source-reconciled
locales/en/commands/utility/createembed.json,#35;#42;#43;#46;#51;#52;#53;#55;#58;#60;#62,source-reconciled
locales/en/commands/utility/crypto.json,#35;#42;#43;#46;#51;#52;#53;#55;#58;#60;#62,source-reconciled
locales/en/commands/utility/emoji/add.json,#35;#42;#43;#46;#51;#52;#53;#55;#58;#60;#62,source-reconciled
locales/en/commands/utility/emoji/addmany.json,#35;#42;#43;#46;#51;#52;#53;#55;#58;#60;#62,source-reconciled
locales/en/commands/utility/emoji/enlarge.json,#35;#42;#43;#46;#51;#52;#53;#55;#58;#60;#62,source-reconciled
locales/en/commands/utility/emoji/index.json,#35;#42;#43;#46;#51;#52;#53;#55;#58;#60;#62,source-reconciled
locales/en/commands/utility/emoji/list.json,#35;#42;#43;#46;#51;#52;#53;#55;#58;#60;#62,source-reconciled
locales/en/commands/utility/emoji/remove.json,#35;#42;#43;#46;#51;#52;#53;#55;#58;#60;#62,source-reconciled
locales/en/commands/utility/emoji/removemany.json,#35;#42;#43;#46;#51;#52;#53;#55;#58;#60;#62,source-reconciled
locales/en/commands/utility/emoji/rename.json,#35;#42;#43;#46;#51;#52;#53;#55;#58;#60;#62,source-reconciled
locales/en/commands/utility/emoji/steal.json,#35;#42;#43;#46;#51;#52;#53;#55;#58;#60;#62,source-reconciled
locales/en/commands/utility/emoji/stealmany.json,#35;#42;#43;#46;#51;#52;#53;#55;#58;#60;#62,source-reconciled
locales/en/commands/utility/fortnite.json,#35;#42;#43;#46;#51;#52;#53;#55;#58;#60;#62,source-reconciled
locales/en/commands/utility/imageonly.json,#35;#42;#43;#46;#51;#52;#53;#55;#58;#60;#62,source-reconciled
locales/en/commands/utility/img.json,#35;#42;#43;#46;#51;#52;#53;#55;#58;#60;#62,source-reconciled
locales/en/commands/utility/img2gif.json,#35;#42;#43;#46;#51;#52;#53;#55;#58;#60;#62,source-reconciled
locales/en/commands/utility/language.json,#35;#42;#43;#46;#51;#52;#53;#55;#58;#60;#62,source-reconciled
locales/en/commands/utility/lookup.json,#35;#42;#43;#46;#51;#52;#53;#55;#58;#60;#62,source-reconciled
locales/en/commands/utility/notify.json,#35;#42;#43;#46;#51;#52;#53;#55;#58;#60;#62,source-reconciled
locales/en/commands/utility/pin.json,#35;#42;#43;#46;#51;#52;#53;#55;#58;#60;#62,source-reconciled
locales/en/commands/utility/pypi.json,#35;#42;#43;#46;#51;#52;#53;#55;#58;#60;#62,source-reconciled
locales/en/commands/utility/qr.json,#35;#42;#43;#46;#51;#52;#53;#55;#58;#60;#62,source-reconciled
locales/en/commands/utility/randomuser.json,#35;#42;#43;#46;#51;#52;#53;#55;#58;#60;#62,source-reconciled
locales/en/commands/utility/reactionrole/add.json,#35;#42;#43;#46;#51;#52;#53;#55;#58;#60;#62,source-reconciled
locales/en/commands/utility/reactionrole/clear.json,#35;#42;#43;#46;#51;#52;#53;#55;#58;#60;#62,source-reconciled
locales/en/commands/utility/reactionrole/index.json,#35;#42;#43;#46;#51;#52;#53;#55;#58;#60;#62,source-reconciled
locales/en/commands/utility/reactionrole/list.json,#35;#42;#43;#46;#51;#52;#53;#55;#58;#60;#62,source-reconciled
locales/en/commands/utility/reactionrole/remove.json,#35;#42;#43;#46;#51;#52;#53;#55;#58;#60;#62,source-reconciled
locales/en/commands/utility/regex.json,#35;#42;#43;#46;#51;#52;#53;#55;#58;#60;#62,source-reconciled
locales/en/commands/utility/reminder/index.json,#35;#42;#43;#46;#51;#52;#53;#55;#58;#60;#62,source-reconciled
locales/en/commands/utility/reminder/list.json,#35;#42;#43;#46;#51;#52;#53;#55;#58;#60;#62,source-reconciled
locales/en/commands/utility/reminder/remove.json,#35;#42;#43;#46;#51;#52;#53;#55;#58;#60;#62,source-reconciled
locales/en/commands/utility/revive/disable.json,#35;#42;#43;#46;#51;#52;#53;#55;#58;#60;#62,source-reconciled
locales/en/commands/utility/revive/enable.json,#35;#42;#43;#46;#51;#52;#53;#55;#58;#60;#62,source-reconciled
locales/en/commands/utility/revive/index.json,#35;#42;#43;#46;#51;#52;#53;#55;#58;#60;#62,source-reconciled
locales/en/commands/utility/revive/message.json,#35;#42;#43;#46;#51;#52;#53;#55;#58;#60;#62,source-reconciled
locales/en/commands/utility/revive/setup.json,#35;#42;#43;#46;#51;#52;#53;#55;#58;#60;#62,source-reconciled
locales/en/commands/utility/revive/test.json,#35;#42;#43;#46;#51;#52;#53;#55;#58;#60;#62,source-reconciled
locales/en/commands/utility/revive/view.json,#35;#42;#43;#46;#51;#52;#53;#55;#58;#60;#62,source-reconciled
locales/en/commands/utility/solved.json,#35;#42;#43;#46;#51;#52;#53;#55;#58;#60;#62,source-reconciled
locales/en/commands/utility/sticker/add.json,#35;#42;#43;#46;#51;#52;#53;#55;#58;#60;#62,source-reconciled
locales/en/commands/utility/sticker/index.json,#35;#42;#43;#46;#51;#52;#53;#55;#58;#60;#62,source-reconciled
locales/en/commands/utility/sticker/list.json,#35;#42;#43;#46;#51;#52;#53;#55;#58;#60;#62,source-reconciled
locales/en/commands/utility/sticker/remove.json,#35;#42;#43;#46;#51;#52;#53;#55;#58;#60;#62,source-reconciled
locales/en/commands/utility/sticker/rename.json,#35;#42;#43;#46;#51;#52;#53;#55;#58;#60;#62,source-reconciled
locales/en/commands/utility/stickymessage.json,#35;#42;#43;#46;#51;#52;#53;#55;#58;#60;#62,source-reconciled
locales/en/commands/utility/stickymessage/add.json,#35;#42;#43;#46;#51;#52;#53;#55;#58;#60;#62,source-reconciled
locales/en/commands/utility/stickymessage/index.json,#35;#42;#43;#46;#51;#52;#53;#55;#58;#60;#62,source-reconciled
locales/en/commands/utility/stickymessage/list.json,#35;#42;#43;#46;#51;#52;#53;#55;#58;#60;#62,source-reconciled
locales/en/commands/utility/stickymessage/remove.json,#35;#42;#43;#46;#51;#52;#53;#55;#58;#60;#62,source-reconciled
locales/en/commands/utility/stickymessage/view.json,#35;#42;#43;#46;#51;#52;#53;#55;#58;#60;#62,source-reconciled
locales/en/commands/utility/tag/add.json,#35;#42;#43;#46;#51;#52;#53;#55;#58;#60;#62,source-reconciled
locales/en/commands/utility/tag/author.json,#35;#42;#43;#46;#51;#52;#53;#55;#58;#60;#62,source-reconciled
locales/en/commands/utility/tag/edit.json,#35;#42;#43;#46;#51;#52;#53;#55;#58;#60;#62,source-reconciled
locales/en/commands/utility/tag/index.json,#35;#42;#43;#46;#51;#52;#53;#55;#58;#60;#62,source-reconciled
locales/en/commands/utility/tag/list.json,#35;#42;#43;#46;#51;#52;#53;#55;#58;#60;#62,source-reconciled
locales/en/commands/utility/tag/random.json,#35;#42;#43;#46;#51;#52;#53;#55;#58;#60;#62,source-reconciled
locales/en/commands/utility/tag/remove.json,#35;#42;#43;#46;#51;#52;#53;#55;#58;#60;#62,source-reconciled
locales/en/commands/utility/tag/rename.json,#35;#42;#43;#46;#51;#52;#53;#55;#58;#60;#62,source-reconciled
locales/en/commands/utility/tag/reset.json,#35;#42;#43;#46;#51;#52;#53;#55;#58;#60;#62,source-reconciled
locales/en/commands/utility/tag/search.json,#35;#42;#43;#46;#51;#52;#53;#55;#58;#60;#62,source-reconciled
locales/en/commands/utility/tag/send.json,#35;#42;#43;#46;#51;#52;#53;#55;#58;#60;#62,source-reconciled
locales/en/commands/utility/temprole.json,#35;#42;#43;#46;#51;#52;#53;#55;#58;#60;#62,source-reconciled
locales/en/commands/utility/thread/add.json,#35;#42;#43;#46;#51;#52;#53;#55;#58;#60;#62,source-reconciled
locales/en/commands/utility/thread/archive.json,#35;#42;#43;#46;#51;#52;#53;#55;#58;#60;#62,source-reconciled
locales/en/commands/utility/thread/delete.json,#35;#42;#43;#46;#51;#52;#53;#55;#58;#60;#62,source-reconciled
locales/en/commands/utility/thread/index.json,#35;#42;#43;#46;#51;#52;#53;#55;#58;#60;#62,source-reconciled
locales/en/commands/utility/thread/lock.json,#35;#42;#43;#46;#51;#52;#53;#55;#58;#60;#62,source-reconciled
locales/en/commands/utility/thread/remove.json,#35;#42;#43;#46;#51;#52;#53;#55;#58;#60;#62,source-reconciled
locales/en/commands/utility/thread/rename.json,#35;#42;#43;#46;#51;#52;#53;#55;#58;#60;#62,source-reconciled
locales/en/commands/utility/thread/slowmode.json,#35;#42;#43;#46;#51;#52;#53;#55;#58;#60;#62,source-reconciled
locales/en/commands/utility/thread/unarchive.json,#35;#42;#43;#46;#51;#52;#53;#55;#58;#60;#62,source-reconciled
locales/en/commands/utility/thread/unlock.json,#35;#42;#43;#46;#51;#52;#53;#55;#58;#60;#62,source-reconciled
locales/en/commands/utility/timer.json,#35;#42;#43;#46;#51;#52;#53;#55;#58;#60;#62,source-reconciled
locales/en/commands/utility/timer/add.json,#35;#42;#43;#46;#51;#52;#53;#55;#58;#60;#62,source-reconciled
locales/en/commands/utility/timer/index.json,#35;#42;#43;#46;#51;#52;#53;#55;#58;#60;#62,source-reconciled
locales/en/commands/utility/timer/list.json,#35;#42;#43;#46;#51;#52;#53;#55;#58;#60;#62,source-reconciled
locales/en/commands/utility/timer/remove.json,#35;#42;#43;#46;#51;#52;#53;#55;#58;#60;#62,source-reconciled
locales/en/commands/utility/timer/view.json,#35;#42;#43;#46;#51;#52;#53;#55;#58;#60;#62,source-reconciled
locales/en/commands/utility/translate.json,#35;#42;#43;#46;#51;#52;#53;#55;#58;#60;#62,source-reconciled
locales/en/commands/utility/unpin.json,#35;#42;#43;#46;#51;#52;#53;#55;#58;#60;#62,source-reconciled
locales/en/commands/utility/variables.json,#35;#42;#43;#46;#51;#52;#53;#55;#58;#60;#62,source-reconciled
locales/en/commands/utility/webhook.json,#35;#42;#43;#46;#51;#52;#53;#55;#58;#60;#62,source-reconciled
locales/en/commands/utility/webhook/create.json,#35;#42;#43;#46;#51;#52;#53;#55;#58;#60;#62,source-reconciled
locales/en/commands/utility/webhook/delete.json,#35;#42;#43;#46;#51;#52;#53;#55;#58;#60;#62,source-reconciled
locales/en/commands/utility/webhook/edit.json,#35;#42;#43;#46;#51;#52;#53;#55;#58;#60;#62,source-reconciled
locales/en/commands/utility/webhook/index.json,#35;#42;#43;#46;#51;#52;#53;#55;#58;#60;#62,source-reconciled
locales/en/commands/utility/webhook/list.json,#35;#42;#43;#46;#51;#52;#53;#55;#58;#60;#62,source-reconciled
locales/en/commands/utility/webhook/send.json,#35;#42;#43;#46;#51;#52;#53;#55;#58;#60;#62,source-reconciled
locales/en/commands/voice/voicemaster/add.json,#59,source-reconciled
locales/en/commands/voice/voicemaster/bitrate.json,#59,source-reconciled
locales/en/commands/voice/voicemaster/buttons.json,#59,source-reconciled
locales/en/commands/voice/voicemaster/category.json,#59,source-reconciled
locales/en/commands/voice/voicemaster/claim.json,#59,source-reconciled
locales/en/commands/voice/voicemaster/default.json,#59,source-reconciled
locales/en/commands/voice/voicemaster/default/bitrate.json,#59,source-reconciled
locales/en/commands/voice/voicemaster/default/interface.json,#59,source-reconciled
locales/en/commands/voice/voicemaster/default/name.json,#59,source-reconciled
locales/en/commands/voice/voicemaster/default/region.json,#59,source-reconciled
locales/en/commands/voice/voicemaster/default/role.json,#59,source-reconciled
locales/en/commands/voice/voicemaster/delete.json,#59,source-reconciled
locales/en/commands/voice/voicemaster/drag.json,#59,source-reconciled
locales/en/commands/voice/voicemaster/hide.json,#59,source-reconciled
locales/en/commands/voice/voicemaster/index.json,#59,source-reconciled
locales/en/commands/voice/voicemaster/information.json,#59,source-reconciled
locales/en/commands/voice/voicemaster/joinrole.json,#59,source-reconciled
locales/en/commands/voice/voicemaster/limit.json,#59,source-reconciled
locales/en/commands/voice/voicemaster/list.json,#59,source-reconciled
locales/en/commands/voice/voicemaster/lock.json,#59,source-reconciled
locales/en/commands/voice/voicemaster/permit.json,#59,source-reconciled
locales/en/commands/voice/voicemaster/region.json,#59,source-reconciled
locales/en/commands/voice/voicemaster/reject.json,#59,source-reconciled
locales/en/commands/voice/voicemaster/remove.json,#59,source-reconciled
locales/en/commands/voice/voicemaster/rename.json,#59,source-reconciled
locales/en/commands/voice/voicemaster/reset.json,#59,source-reconciled
locales/en/commands/voice/voicemaster/reveal.json,#59,source-reconciled
locales/en/commands/voice/voicemaster/sendinterface.json,#59,source-reconciled
locales/en/commands/voice/voicemaster/setup.json,#59,source-reconciled
locales/en/commands/voice/voicemaster/status.json,#59,source-reconciled
locales/en/commands/voice/voicemaster/template.json,#59,source-reconciled
locales/en/commands/voice/voicemaster/temporary.json,#59,source-reconciled
locales/en/commands/voice/voicemaster/unlock.json,#59,source-reconciled
